county,totalamount
Val Verde,2318814.53
Kimble,1556083.3
Statewide,2311306089.92
Maverick,568801.8200000001
Kinney,288581.98
Webb,3761149.69
Uvalde,2661857.5999999996
Real,1338315.83
Edwards,2092039.1600000001
