county,totalamount
Fairfield,75856642.32000001
Statewide,55149003.45
Hartford,74596620.15
Litchfield,10845693.309999999
Tolland,11259122.780000001
Windham,3595407.8100000005
New London,22805973.700000003
Middlesex,12033314.649999999
New Haven,58370948.379999995
