county,totalamount
New Castle,15771587.499999998
Statewide,18242289.809999995
Kent,1889593.72
Sussex,3116388.87
NaN,589383.0700000001
