county,totalamount
Statewide,1346354.7399999998
Yap,15124477.489999998
Chuuk,4091386.76
Pohnpei,334207.85
