county,totalamount
Hawaii,30238834.470000003
Statewide,55722889.94
Honolulu,6899467.05
Kauai,11025269.799999999
Maui,9112240.04
