county,totalamount
Grafton,33463959.38
Cheshire,9960841.49
Belknap,5337515.260000001
Statewide,32212899.950000003
Sullivan,4960505.240000001
Hillsborough,23894106.89
Merrimack,12538658.100000001
Carroll,6463903.57
Rockingham,20241555.0
Strafford,8003628.909999999
Coos,3517131.77
NaN,606928.12
