county,totalamount
Newport,4092751.5799999996
Statewide,17176418.66
Kent,17528760.57
Bristol,2092679.26
Providence,19426431.939999998
Washington,9894148.2
nan,0.0
NaN,294696.7
